feature_0,feature_1,feature_2,feature_3,feature_4,feature_5,feature_6,feature_7,feature_8,feature_9,feature_10,feature_11,feature_12,feature_13,feature_14,feature_15,feature_16,feature_17,feature_18,feature_19,target
0.8666904540148419,0.5635807967789281,-0.9190933174404083,-0.5335579949233338,0.8303358165442456,0.24822058630033608,-1.8594568456641936,0.18186625505849516,-0.8560838259088672,0.00348436722192318,-1.2299767255043415,0.6055593807276196,-1.2493468956180762,-0.4776574467651167,-0.4593608995402441,0.07156623721939247,-0.8498443694647918,1.5370358654053458,1.124464684514961,-1.3716012607347488,1
0.6248247211720446,0.9016900471001336,-0.6695154491881639,-0.9216943171710046,-0.7904744554453119,0.725766623898692,-1.6951812057508882,0.10939479460489289,0.4714683571359957,0.4577378318422338,-0.9197688596197422,0.6490185590986387,-0.6633727090176627,1.3454200461549777,0.4810092317367132,1.8820244964750337,0.22388402427913137,1.0396701927796332,0.900145345205608,-1.0296447621661262,1
0.4843153998492357,1.3582798707945531,-0.5281558264355538,-1.4292200197074783,-0.7563507452843033,-0.9555404406004258,-1.785997839194281,-0.12791759148076653,-1.4222537095976742,0.960708574234923,-0.7569087032871943,0.7858417147063267,-0.19832009688145996,-1.081548003614395,-1.6064463202575725,-0.6465728842425266,0.2034636358672231,0.714793729357789,0.8168243854534324,-0.8524234926906036,1
0.925418935458201,0.47410551402143053,-0.979591482638677,-0.43131517105673856,-1.3044695005048532,-0.03269474809409311,-1.8940639059949143,0.3840654489393073,0.6696725488300385,-0.11359431129030977,-1.3048076235150305,0.5918429565223656,-1.395164141825728,-0.9398797863273552,-2.0674421000398766,0.36659824609684827,-0.08912003951278841,1.6588224640742952,1.1776000340193606,-1.45402540634731,1
-0.5186673114080309,-1.1465678743477734,0.5613192042083217,1.1966407601329454,-0.03955515385665504,-1.2767485758203094,1.6921460853913772,0.27157883719537346,0.6815006973726244,-0.7457711161095194,0.7900499184529766,-0.7094688558912224,0.35996343028566213,0.02975613949574519,-1.0810565404082624,0.028318376130461172,1.0531528533329035,-0.8080446346520016,-0.8191163246063969,0.8875050762585839,0
-0.5529303288384804,1.0668532400148756,0.5664604613585604,-1.2059294305819586,-0.45006547147924364,-0.5993750229537729,0.1651527295959004,-1.594427658794367,0.6228499323474987,1.3085446300089774,0.689566094856055,0.2253942435971725,1.480394759065476,-0.1423794850212935,0.005243699718183166,-1.0676204293825944,0.046980593764742055,-1.1776263661655901,-0.459729493790029,0.7575345116496986,0
-1.0291901804014283,-0.29774422922059696,1.0862349074849098,0.23085877402417831,1.1492733262856758,0.12200981464536144,1.9421403061319533,-0.5756378262377739,-0.7031764251258874,0.33724941125108915,1.4358133572032026,-0.5597748801941155,1.6615666858507225,1.77080063563551,2.5600845382687947,-0.0349884904969617,-0.09605989972464987,-1.876537735912994,-1.2681897854515765,1.5981615688135173,0
1.1237893963467678,-1.98902230366406,-1.1537897185164543,2.25661187611591,0.3686733088729012,0.14671368643332283,-0.4640020154529513,-0.16711808031685435,-0.3933388123273607,-2.4947758446403916,-1.413448093170229,-0.3812122234461391,-2.9229064290734716,1.2784518626072987,1.2065089665083568,0.028744822934817487,-0.8169356709872361,2.3686736652708946,0.9667489315443606,-1.5544022507214377,1
-0.15643027952230276,-1.7249996418725477,0.1885371869321336,1.8560546892474328,-2.081929407883722,0.6060099513456396,1.4976956013932532,-1.5566291735239037,1.6964563682900382,-1.4923082272353814,0.3302638891663394,-0.8054573322743203,-0.5521551797351694,-0.09671311187039239,-1.280429352496283,0.2110174672026184,1.7547941819843647,-0.053198233186156796,-0.4961732480538185,0.38130056293447784,0
-0.24156015441372275,0.6482090192730532,0.24492994817140523,-0.7242798272119451,-0.01851313599238993,-0.1599385299634271,-0.05823329381181689,0.8576596232020194,-0.2886586389201383,0.7390321510889777,0.28910554209086214,0.17657684803633367,0.7339956765537532,-0.827230943552323,-0.01901620790268883,0.3227185603380895,-1.0025293646378088,-0.5396304356808779,-0.16794464707101026,0.3159408597031455,0
0.6045025510388095,-1.1115230936237113,-0.620059747938132,1.258960766414728,2.0752608726252655,-0.535235211560568,-0.21981312580090143,1.0495527153193351,-0.6891878180895679,-1.3802027876353493,-0.7575397117992683,-0.22289982065898029,-1.5922022414655754,0.1979107834626478,1.3173940656343257,1.7359638031652493,0.19759960469239965,1.2798898974129846,0.5125140343771755,-0.8327081582984996,1
-0.7098591345293009,1.7171128619297285,0.7223812124448814,-1.9248737742133097,0.9504238381860503,0.15039378647620763,-0.03672514283297115,-0.759132661553698,-0.5769036556624031,1.9992298694480068,0.8620994220979108,0.4383812415378512,2.0670112192268566,0.4919191715065057,0.34175597577715944,-0.898414671348358,1.8761708392158862,-1.5598485041923271,-0.5274417809362939,0.9439051507869096,0
0.5186312936996084,-0.4687549973041866,-0.5387436951034916,0.5544839843724834,0.6585442726728304,-0.38770155993598415,-0.5357011864322071,-0.6127886904843862,2.0102045387663496,-0.7385765478512931,-0.6822674160569672,0.016706409828019624,-1.1337409479881992,-0.7982972445384537,0.28586539072490497,-0.1769472274940494,0.334456789987025,1.0311023786717963,0.5272938906259299,-0.7543672538667341,1
0.8966874360441216,-1.3973269675775368,-0.9232724747564663,1.5948882804314957,-1.2803043986708944,0.7083564472993533,-0.5060671157834523,-1.0212328171307132,0.8724573282801447,-1.8162572030048028,-1.1404649285313717,-0.22280185712804568,-2.2413300380065744,-0.09917586377938291,0.24380071377119883,0.650201177958661,-0.5640786307367284,1.8637890792245217,0.8056562223774706,-1.2559119273249668,1
-0.04464105816672726,-0.0857405915862424,0.04813146683412784,0.08896213798745722,-1.2002964070557762,-0.11473644146689901,0.13637517387168166,-0.7925207384327007,-0.3345012358409484,-0.05229380076023649,0.0671353939557204,-0.05551233662639205,0.037182162647701106,-0.6533292325737119,0.5049872789804571,-0.4749453111609562,0.8657551941701215,-0.07133524117291468,-0.06816239066482303,0.07532011929644199,0
-0.9306881470817926,1.9912859198645323,0.950733338980476,-2.2418197899858265,0.5470973811700379,0.117327383308782,0.13798074214818276,-0.020901593964148132,-0.20219265243389406,2.382244501598361,1.1476292416831775,0.463252579798625,2.5854778980291178,1.09877685198719,1.277664895788425,-0.2176812032272203,-0.5915713888358299,-2.0091854456545235,-0.7384875045079945,1.2589640744114532,0
0.5071610133586535,-1.1139618813536498,-0.517681764286777,1.252910947705189,0.7858001586508322,-2.4238793266289567,-0.05453814708822005,-0.4523063192490767,0.42545756178496474,-1.324668708342019,-0.6234549830444429,-0.26481255863694747,-1.422727603898103,-0.047711356141979855,-1.5839028234857233,-0.966976143129213,0.7604146561442974,1.098852631772152,0.39721398874693625,-0.6836720855598416,1
-0.40219576642858845,-1.3152601264277448,0.44121580457053483,1.38991763854744,-0.42018681709585726,1.453384477117701,1.6172436530727323,-0.4455025214007718,-0.2817846088605072,-0.9699169232430309,0.6410596844121718,-0.7329160316790428,0.0749707819654546,-0.9186519464841982,1.5795721457307124,-1.344450511034277,-0.5228600271532683,-0.5677245254801606,-0.7121553977637446,0.723318329414405,0
0.2216815790043073,-0.4882934829959963,-0.226261011613972,0.5491443372582454,0.6454841811410754,0.04643654815614881,-0.022852690615693786,0.19109906801990334,2.16325472330546,-0.5802823907752808,-0.27242214897021133,-0.11634108572615302,-0.6225383283535354,0.21915032766393897,-1.3598561409799192,-0.30777823495300083,0.7462535660272207,0.4805020029044593,0.17337459703780328,-0.298721605807462,1
0.1377314767857136,-2.1920964377765633,-0.1142245309231154,2.3886935264317213,-0.5736620068802363,-0.024125087110003277,1.337905331575682,0.013929291912946203,-0.5468589412403921,-2.09613152479671,-0.043289880607060356,-0.8822786978444461,-1.2915991431945864,-0.543424771133765,0.19808476076785494,-0.03275327021599839,-0.14436041192394247,0.5594264309011303,-0.23344583070035682,-0.029989532433521315,0
0.2968368781730694,-0.9229281547444802,-0.2992143711009922,1.0270322369759797,0.34272534637770413,1.4437646040732595,0.16203819809875422,-1.251539424190444,0.4567532191537839,-1.024288285605794,-0.3468328035133118,-0.2711860954674777,-0.9625052644821723,0.44770856001731496,-0.0821511783925688,0.5697672802322039,1.1172958315881276,0.6805732261808835,0.18354597173552137,-0.37782545339851975,1
0.5391699480616646,1.1020797370679507,-0.5822547626846722,-1.146581265094895,0.055724912288694604,-0.5112156764311852,-1.6947411641847778,1.593186626639397,1.0941915184709485,0.6927206845135043,-0.8152902506273894,0.6989972841750194,-0.41721783717769656,1.5295503194606137,-0.9896048202585809,-1.6924646297148194,-0.12578692009964815,0.8523918571319432,0.8352726931479133,-0.9151883183886815,1
0.34657224090743416,1.4129386867373934,-0.3840966156305325,-1.5007761085271265,0.04852162794482699,-0.48712538376469605,-1.593725367100195,-0.6506425691218269,-0.8309501164110378,1.0926909560859661,-0.571047684080279,0.751454065069653,0.0693332556010124,-0.05023810944913695,-0.5923939242388692,0.2704568257798388,-0.863990769679816,0.4505901958944064,0.6641655639894816,-0.6463175085963214,1
-0.5647619770674298,1.124042712884868,0.5781022117939949,-1.2689836887787258,2.1221561970126332,0.40498171096095553,0.1440882784364338,1.7654542402810969,1.0324652605511468,1.3681202083941681,0.702029810235391,0.24495324564802365,1.5285333673375567,-0.48423407286625136,-1.2608839543350452,-1.5193699659540134,0.9178619470547761,-1.2075715832600078,-0.46336013218085687,0.7709133842791779,0
0.1337416347942957,-0.5650779444000228,-0.13273047191365492,0.6245303214114016,0.6982233136135899,0.9246336829127688,0.17985097000143813,1.3993554365860021,0.3934853854217496,-0.5986469304627213,-0.1463136544576314,-0.18619064202184718,-0.5051612247596752,0.6351718016819695,0.05963036992017413,0.8951932200277323,-0.6469367777055739,0.32725188129881433,0.05573884361418417,-0.15793539349620403,1
0.5613599139203588,-0.9608847139232631,-0.5768017619490872,1.0918046616313835,1.1950466289248425,-1.0265152994110602,-0.25517523717884294,1.073631749859772,-1.5231869047837747,-1.2161701608326803,-0.7082309869350127,-0.1764095965881826,-1.4444065535227808,0.37721187506452086,0.132969674146876,-0.5589218472715883,-0.7001208149391732,1.1786955558019772,0.4888174697092872,-0.7791538457868907,1
0.9848536662461232,0.21944924785287065,-1.0385275194721946,-0.1499410222282176,0.5009171876243808,-0.9075636620415979,-1.811606947467657,-0.23894804686640975,-0.977555244798551,-0.3828819716999544,-1.3695935339289436,0.5075835243027377,-1.6213514861834448,0.751387123371789,-0.5767713305683327,0.09933230542922587,0.755391225825756,1.8047414806871296,1.2017316655583863,-1.523920523879717,1
0.5036570155098071,1.1571602835220345,-0.5456853130304391,-1.209464285569061,0.8356921120651418,-0.38455554422982535,-1.6745124523339958,-0.8604133652839524,-1.129706854657618,0.7644138671588195,-0.7701052710296706,0.7077097526665697,-0.3285754535145108,1.4415686206579004,1.0062928092144405,0.5298041779152828,-0.5768918695231487,0.7786131813915572,0.8033180483037173,-0.8654270281065666,1
0.14486673621503818,-0.5166665973282438,-0.1451027513366171,0.5730424764702362,0.6135179727304166,0.4363236696740321,0.12650440961902998,1.7275431701007113,-1.0227925651984056,-0.5607633645872478,-0.1648482864181661,-0.16075830829984222,-0.5014718371305106,-1.6685840738775894,0.03800347816820029,-0.2573765374233451,0.1200313267182613,0.3412939454844057,0.07761073045738995,-0.1789341661901108,1
0.671153904468206,0.7134819705724226,-0.715599551525844,-0.7135253245498665,-0.9857260463355437,-1.0592135218889516,-1.638276779651058,-0.5138669173366935,0.5040465155178444,0.2572899625361199,-0.9709559337716301,0.5877540015981962,-0.8347527528535226,-0.7928728322623442,-0.06267909727317188,-0.5302576183724408,0.9551423205012383,1.1519914582675579,0.9208156088187431,-1.0849760204071897,1
0.5185415714734217,1.0148300330469513,-0.5593489426104307,-1.0538385491603062,0.3384964074944141,0.7708651938869668,-1.5976257872788366,0.23561455810856594,-0.4152879139008013,0.6247878598442508,-0.7810907529909623,0.6529189793719989,-0.4228536672248443,2.270692857804396,-1.4785862457798415,0.6327818661062848,1.143754043206929,0.8260073194997002,0.7951718101206305,-0.8764592409955992,1
-0.7444911992326704,-0.7349039221914734,0.793004565805569,0.7301984780457678,-0.24574306408594432,1.669021525289393,1.7768155382031348,-0.3357846992901282,-0.2727235697476705,-0.2334473329266763,1.0732817970245665,-0.6277301718042795,0.9530530277251723,-0.05429486651781221,-0.2595913513636048,-2.6968866429415717,-1.5031429531181062,-1.2856800498792558,-1.0112204870904928,1.198873601025597,0
1.0734986101000112,0.1085971514414846,-1.1301813075947273,-0.021852310427115884,-0.7632591565425169,0.543360192379935,-1.8811688951291756,-1.6694052811213718,-1.804882100664519,-0.5373607786547991,-1.4841576610111527,0.4972592508673169,-1.8298541213954542,0.048084946661381994,-0.6626237589458467,-1.6275424378831627,0.5705986685931593,1.9852234844554366,1.2863060181227626,-1.650325733980826,1
0.009056687370447026,2.0813620754574047,-0.03856212260238048,-2.255539634176584,0.37114587337130883,-0.7968952554704768,-1.505229369202792,-2.4716445001272893,-0.6039851867158206,1.907251142457158,-0.15127529495154005,0.896415149247534,0.9812259012352609,-0.15567723539207948,0.57707212718054,0.08658978747289992,-0.2030453860429927,-0.27062383183849703,0.3866483632177344,-0.1853263228199196,1
-0.7300651563816559,1.33314481778534,0.7489829075429222,-1.5104289871872933,-1.006017381499702,0.5951570254369136,0.2720967194857541,0.09699596499271819,-1.2141886127877322,1.658382907564097,0.9155072901296445,0.26522963403444016,1.918488349174454,0.7916626939629359,-0.8182206832334725,1.1581108735000678,2.0923872756854602,-1.5444603177911855,-0.6206412992062951,1.0064343924489507,0
0.15640772907853298,1.6142349876614301,-0.1869680441928273,-1.7359797288420942,1.2012139221639448,2.075400798645439,-1.4183630334055295,0.2897748568964129,-0.4080753730215514,1.3905366208199277,-0.32284548497403853,0.7579453382077117,0.4991315161904107,-1.008086310917404,0.8711247034316923,-2.038124535177854,-0.32602353216784113,0.06845615820490913,0.4761389343139079,-0.3721404371777756,1
-0.652051471228559,1.392923748599132,0.6661260092316439,-1.5682662555853057,-0.718444221252436,0.2320499373576363,0.09824268885595407,-0.4710383056183228,-0.21344715171184725,1.6670120866922145,0.8041894740278176,0.3236188635209441,1.810365597042233,1.475356216949552,-1.4480843414973241,0.3109075655980046,-1.4074637743765552,-1.4073565777462071,-0.5177899280692994,0.8822264703699862,0
-0.2846839537569451,0.32257547235180284,0.2948132675636766,-0.37512069857854646,-1.7131345290908775,1.8314587658543537,0.2473285748104004,-1.3202332070206422,1.3538723741654128,0.4653929190716941,0.3701530085107939,0.018821014681703174,0.6535943082057196,1.2378163119734618,1.179440120721287,-0.11453984525261789,-0.4691756521047048,-0.5750021456712677,-0.27764920970654633,0.4087053223555988,0
-0.7374178266325766,1.263281523447956,0.7576881953855736,-1.4353487462162429,1.0584244868495878,1.3686315575323487,0.33446289112228444,0.6453759495851475,-1.7587394864231143,1.5985474462189444,0.9302825514776353,0.23218119628682737,1.8979089395226028,-2.0392321777601006,-0.9649234605801045,-1.183258512665775,0.6860514599984393,-1.548510140553303,-0.641936773186957,1.0234324971816418,0
-0.7873528641646066,1.3845501785861882,0.8084974241742219,-1.5712725588426464,2.1330333746562666,0.6621306745210467,0.3315370115220479,0.11351734525124804,-1.9520877995225019,1.7396228405127698,0.9908950274916158,0.2632242716424223,2.04354199795278,0.5883172064845765,1.586016816145352,-0.15178509503558332,-1.237815498826849,-1.6583037521530901,-0.6789532556390399,1.0897920897566693,0
-0.36453010273838793,0.8288827666760218,0.3716985359121265,-0.9311258986502519,2.060747924881987,0.11567463429285867,0.01900877752991034,1.551151975522523,1.7553408424432044,0.9780451161401273,0.4462371535930413,0.2024341868079518,1.0361201285948898,0.9715709509543554,1.1792971840638264,-0.2489641484790735,0.06751848141010895,-0.7937138690592656,-0.28040920826264515,0.48907653300075266,0
0.2982733299092827,-0.7929858334380167,-0.3025376506596387,0.8862935614189356,-0.6373871273065177,-0.5309969550018176,0.06660135206669791,-0.637739984251316,1.1890165311075518,-0.9057329341778445,-0.35747548963767967,-0.21485597025477499,-0.9027729154913092,-0.5707462937494763,-0.6231405264247644,1.4205042479898549,-0.5554771191602547,0.6653007744902968,0.2087127497038044,-0.3907274373580167,1
-0.6848999854271054,-0.8549135099906939,0.7320253591166813,0.8656197697713826,-1.0810633275998973,0.44426331148603976,1.762618160738484,0.7109599682034915,0.6159356069442637,-0.37909696566441853,0.9993004218748598,-0.6541793368648923,0.791095541493152,-0.3095464393139903,-0.3609661658190799,0.5931012579683838,1.159329803364248,-1.1580682334866548,-0.9625826345927634,1.117645989653523,0
-1.1689946550260406,-0.05144917140448153,1.2297875791377313,-0.0486290939293601,0.8231705839619146,-0.42688106994742003,2.0006862995146037,-0.15800789857898942,0.07331796718840389,0.6465555851018486,1.6117292664140372,-0.5128428170498223,2.0246393360598463,-1.295078772063616,-1.0121043752601675,-1.2899608997410539,-1.6548566718657693,-2.171052819570561,-1.3886651370654182,1.7916308322144807,0
-0.9167533992406974,2.1379317443713033,0.9340364170216395,-2.3995500510720533,-1.5341141707356223,0.514438834058749,0.009589584619480491,0.12029563171189886,1.277676821898509,2.5087310894813992,1.1186774229971947,0.5319933211372001,2.631302338633103,-0.7484865365565536,0.7116148780888898,0.33231401197959165,-1.1246420918378692,-2.003477382180378,-0.695555988826556,1.2255760406226648,0
-0.6226188948337301,-0.9257788249673318,0.6675323609944107,0.9480053155391579,-0.5227230205190395,-1.251113576385303,1.7087203033727822,0.326133022242118,1.0490092258368893,-0.48118296321711745,0.9183406790693512,-0.6584232009968237,0.6479657908982731,-1.4084612963635597,0.924027019206901,-0.7043436905427592,-0.18490213644298903,-1.032232742385394,-0.9018937673316099,1.0282566743874282,0
-0.2957885564906598,-1.4634804434529003,0.33140831726992226,1.56010259128122,0.11422764866203965,0.39913611435207086,1.5445932799785584,-0.5449190868089497,0.1503017614618776,-1.1692769619786136,0.5045505569883807,-0.7518089176912083,-0.182571413652851,-0.056945623721067457,-0.037634702424848364,-0.36361221221385587,1.1033018820165215,-0.34898484096084237,-0.6133721266833421,0.5728333083427919,0
-0.533889117551667,0.7495401029805328,0.550867996607708,-0.8602382321186359,1.4511436077950417,-0.7730097838554665,0.3603239270989717,0.09767609854883172,0.9592708260852069,1.0056544549361648,0.6845322783619584,0.09730540023675742,1.2950020456895845,-0.7673475628880495,0.024510174258942714,2.1531824575115563,0.49799829124544975,-1.0983168132560461,-0.49457863774378896,0.7545632147342572,0
-1.368198772416538,0.26479972781143374,1.4348164396239296,-0.4092570595505536,-1.1105758454658288,-0.37144086599579146,2.1089419665638816,-0.34268759408034877,1.7522704434236227,1.0553999491850148,1.8647014248718488,-0.4608480677903198,2.5253538096686543,1.2715550949941588,-1.4075116947178212,0.9356783931474612,-0.7778166875908753,-2.5859085601762173,-1.5665939927338377,2.0701587732830427,0
-0.656836050202724,1.360251901671541,0.6716123204284755,-1.5332749016511844,0.19905969557347003,0.010233061019587049,0.12966981522711454,1.1631637521549596,-0.6002168771587947,1.6398287311465203,0.8129511059310599,0.30759850916776565,1.8031012663438788,-0.3853135968617602,-0.9815086510479509,0.06980208499001891,0.46210347426327075,-1.4117585997570292,-0.5293371594859821,0.8922338470809885,0
0.4566999971430861,-0.5971283228397992,-0.4718386086762595,0.6881189158441536,0.1664522082130561,0.6748194921666038,-0.3397591381984701,-0.04946370965243295,0.4924512640081491,-0.8197845763298327,-0.5885008217966907,-0.06434835041262102,-1.0866721647722863,2.4553001399108942,-1.1227220215622986,0.2891686439078181,0.3824097461840506,0.9334395215913824,0.4310287785306614,-0.649097958235068,1
0.6524070712453895,-1.0117641352726765,-0.6718179773237329,1.1550931572220966,0.8406435489887241,-1.4307751021180481,-0.37170628812210604,-0.04015795064434341,-0.6526239793023909,-1.3169640493803423,-0.8300999092199652,-0.16000547031002046,-1.628389687940047,-1.889540730945531,0.12810441491078928,-0.4461834332147797,-0.6810516574748808,1.355369508912365,0.5870593668575128,-0.9141730500184557,1
-0.5847642668127448,-1.062955648732113,0.6296463158286955,1.1000958346849723,-1.2221278088919454,-1.1290517712172292,1.7433290975582745,0.7216720640432351,0.7129984301723881,-0.629706765340068,0.8754093646684638,-0.701360364234937,0.5158890866785857,-0.3748208075495975,-0.5245202662797737,-0.24032539815813503,0.48937456122791806,-0.9427508676698604,-0.8820052680745536,0.9816786575229117,0
0.5828930836634095,-0.6313096375800238,-0.6040398948105988,0.7364443525987714,-0.5176112990361714,-0.7309300399419191,-0.5272875686422599,-1.3793192280145272,0.2237879516388985,-0.9260942446821856,-0.7598370344215891,-0.026027780137767815,-1.3242678507293082,1.188393273448084,-0.033126972873797095,-0.016422896072752075,1.7945578635177877,1.1732935229774184,0.5737578328710674,-0.8392309836695973,1
1.3823979068884942,-0.11185704267342805,-1.4518791914998368,0.244724154235072,-0.06607979864731657,-0.9043166251044086,-2.242285104966584,0.25972250172148187,-1.2110161997624567,-0.9232839071064511,-1.8944369507493881,0.5324002778966932,-2.4769762576956107,0.047398671316414016,0.6385924587773739,-0.6518361078021592,-1.6615200622689599,2.591239462318816,1.6109748933197336,-2.104469837979035,1
-0.07301677812130077,0.10199101928178815,0.0753461182946387,-0.11708689434291686,-0.22096417382966393,-1.1583646891925428,0.04965088953681215,-0.0036025390905684044,0.02688583899453078,0.13706030479741294,0.09365394684858239,0.013085275598724213,0.17686092827333688,-2.0417348684242906,1.5033983017671506,0.20838280794755248,0.8773622905756714,-0.15013843779431535,-0.06773427706061359,0.10323979890044387,1
0.004457065514380638,-0.45559676212809663,0.0016705551476994152,0.49429822649116595,-0.926930471578083,-0.7076694656187807,0.31866694440639187,1.2669111491866227,-0.05952535606180008,-0.42130704763454546,0.024253729452167146,-0.1935160084210252,-0.2260727213109112,-1.0243876413342898,0.44381942814622843,-3.2412673400690726,0.7746340534293368,0.07123640976372436,-0.07703644025236889,0.030720723424801928,0
-0.2094410943868462,-0.033148247405741946,0.220666850487497,0.017229786311655726,0.6819529712949639,0.8135096360006385,0.3755812497198154,0.8254163489880298,-0.31026675659345604,0.09384871502093044,0.29035897238797204,-0.10214548589196146,0.35127715624146616,-0.13014305436768459,1.305478807154329,0.3241663524884421,0.02100384163275905,-0.3856677583672411,-0.253120628434333,0.3229663026934849,0
-0.2869140768820519,-1.4712494928184552,0.3221861716756595,1.569317394328059,-0.07016571145864703,1.0807807255546218,1.5352463232202924,0.5597904479310398,-1.6609609335159914,-1.1816834492337507,0.4928592374152827,-0.7514149845348271,-0.2018505334802424,0.20768768716311115,0.8339221545489041,0.42961821913258585,0.4591800792284367,-0.33137609720725414,-0.6043039026426867,0.5599043090838821,0
0.708054490479828,-1.5480877726958375,-0.7228421337038169,1.7414770593803177,1.066674689589154,1.1087035805829077,-0.08124556115667396,0.5906548306923093,1.1692955904456728,-1.8428364918735451,-0.8708896231463841,-0.36665078879208224,-1.982874031390883,0.6487098875896427,0.820482181197364,1.3821589910375272,0.5072740311072977,1.5331384868596039,0.5558438033128725,-0.9550714411646128,1
0.7458907929612183,-1.3214813160249315,-0.765784563576935,1.49919829846459,-1.448013900416244,-0.0657502610729878,-0.30703274426964705,1.5655240292343404,-2.198805956620082,-1.657057958358927,-0.9380580238799966,-0.25358355743404115,-1.9406436724656402,-0.5020542243526112,-0.5551995266931984,0.4400144500533324,1.8811570694405901,1.5723367624455282,0.6414217908170702,-1.0315927094849564,1
0.48241825354757745,-0.4731393732243212,-0.5006084803142992,0.5560027554126633,-0.08973569428722672,1.3291525301324314,-0.47172631928484043,0.6427227598675439,1.4401172154494728,-0.7211119457729325,-0.6321532555541088,-0.0003771724999087981,-1.072358668321693,1.8009404329108156,0.19652116970147013,-0.6763923020592697,0.7090037575885123,0.9642331103688002,0.4837718417181643,-0.698636320783761,1
-0.6217482860709247,1.462150804164611,0.6332996477664866,-1.64060704027558,-0.8289950109220723,0.30729952087660933,-0.002223767573361613,0.8995998754332507,-0.5601810401969696,1.7126410622733463,0.7578814250062155,0.3660297448698703,1.7904071887431094,0.6103702654334648,0.8128621188389601,0.7472936051232618,0.6296288419236122,-1.36045573115083,-0.46952859558538995,0.8301894618094865,0
-0.5632170534826106,1.21473591930829,0.5752125055604822,-1.3671637697075496,0.07580455819372633,0.6283455092642799,0.07656703268066184,0.6241198170521551,-0.6771617115121117,1.4505439797498854,0.6938555841883861,0.2844965361429991,1.5692727813659746,-0.14705738150213865,-0.012246772846914623,0.9751197334177512,-0.8972543714858315,-1.2172204342846318,-0.4451550301239161,0.7610791916063047,0
-0.5058754077279788,-1.1564784973731503,0.5480081967197752,1.208527053388294,1.4469778843537329,-0.8946073022195039,1.6777511642262346,1.2557561255735208,0.19655477651157463,-0.7624706701782806,0.7731118543481798,-0.7083487081544059,0.33279098742284013,-1.485560373036972,-0.18687164416135904,1.0318445394686349,-0.4397310582741749,-0.7828408332761093,-0.8058125187189343,0.8687627775388949,0
0.7579116402647682,0.7241250427873809,-0.8069642971566757,-0.7173147963435819,-0.48760622407249354,0.2544208433012131,-1.7916448006387513,1.1677820616598074,-0.4325581878196209,0.21557685582871275,-1.0910266923401233,0.6287418375936018,-0.9817432666716848,-0.42098448082026296,0.3376026620752022,0.39445214237829684,-0.4118769661224674,1.3121749221391945,1.0251091091087918,-1.218505399285811,1
0.8349691276842457,-2.0569910306941543,-0.8491785380272193,2.3045001941840453,0.2029230208512997,0.4714155563864041,0.06985985574471376,-0.8323555731042287,-1.515744114997232,-2.385810773879934,-1.0115572588316006,-0.5316165305774371,-2.449156113909443,1.7958776730955217,-0.5522230442809712,1.5475052013300616,0.6329318177555108,1.8399103683588671,0.6136740131900685,-1.1071964636091982,1
-0.37635835461653716,-1.3967148182221707,0.4151870871659022,1.480528030983137,0.40825275571447184,-0.7783047254023127,1.632150187766168,-0.5397596803093615,-1.7025836042378404,-1.0601033906879929,0.6109452524159115,-0.7570013835404333,-0.009344955150652971,0.472597482413043,0.19584525509768155,1.0291556373256436,-0.978372777615032,-0.5083309481166585,-0.6963815500236181,0.6905238093534191,0
-1.0008661098916474,-0.3222520821649988,1.0567971956240862,0.2599567195465293,-1.8408742313316453,0.9826909839455139,1.9121020224758625,0.25602973431387566,-1.2795769667357015,0.29791720899962454,1.398479756874136,-0.5583940397922039,1.6001728494802965,0.026091050210833786,1.6654744444625766,-0.6248185776956788,1.0143700650181304,-1.820376905126064,-1.2391953153858943,1.5568732296411134,0
-1.2225028510717835,0.025527151204272975,1.2849715770322934,-0.13685590474296339,0.4933179008808892,1.0536417966078395,2.0354713423120487,-0.9758732529773327,0.1848361236948739,0.7490501933862979,1.6802117282164148,-0.5022950672734772,2.1553174640248605,0.7003098794089914,-0.949398888831943,-0.8583577801812136,2.632382064837391,-2.2813861028168905,-1.437898456535946,1.8671029256101732,0
-0.05370483401589784,-1.8475227894791617,0.08224213401223177,1.9980532126169464,0.17086543812794186,-1.7101683926566256,1.4128342131249587,0.3078017688920592,-0.18398333635267913,-1.6658691209290948,0.19710626100216108,-0.8148754438361576,-0.7909325682984909,0.34758170536167105,-1.348185422105713,0.01843393306539316,0.743264094022715,0.15513175371110188,-0.39709258091751426,0.2343278263122266,0
-0.9188094901970666,-0.4609767215731264,0.9724591972048127,0.4176728955441491,0.17770100093325383,-0.24751863555150475,1.8735616594502913,-0.7271371758248686,-1.3353443587101013,0.12173584951132799,1.2948387601064146,-0.5834377034838009,1.389867075845474,0.6105857452838231,-0.07443342910004629,0.3801978510059632,0.620672097550678,-1.6483207269653521,-1.1674296381837723,1.4428379177861468,0
0.26076688709155826,1.6775708341196136,-0.29757394686579597,-1.7953200204405633,0.2799686263198203,1.496044311489183,-1.6390225281507476,-1.7787202489042786,-1.1254890472983765,1.3867975200790865,-0.4706465173381633,0.8289205905562291,0.346528254485932,0.1292211819752275,0.6543656563540577,2.4457519796168263,-0.05558467091045507,0.25415746401577566,0.6107195127938728,-0.5369236159326719,1
-0.6725932448374254,-0.8770890252745592,0.719395572191719,0.8907587716860202,-0.26888869055483056,0.6962063648134184,1.7578185347934514,-0.23093453020867796,-1.1065259087416703,-0.40677914116661323,0.9838478424191979,-0.6585227962334174,0.7588979554579132,0.05921843401448826,1.8489560949453452,2.5733598032498604,1.1265650295477574,-1.132074272881558,-0.9520667428464209,1.1006559813567263,0
-0.6387272131094166,1.5346068790975902,0.6501401918174581,-1.72067111721275,-0.8222203955664315,-0.32138584165299344,-0.025570160325503816,-0.8254971967925115,0.2436872114919123,1.789300649123157,0.7764085482913917,0.3899750025012679,1.854882805799761,-0.5069431753711298,0.41293145427562433,0.24496657110872277,-0.5637245528039747,-1.4021005271588782,-0.47647519256263465,0.850180739953293,0
0.6520652575351286,0.9579163925803839,-0.6989403799760712,-0.9802149100417679,0.5765569630557664,1.3668742674445247,-1.7811955548054845,-1.5151910621985523,0.3112501545435361,0.49323783667807775,-0.9609962551651092,0.6845681662468067,-0.684190344640356,1.1195749114345768,1.6449677135012837,3.0788808084552377,-0.24903603955637832,1.0826602704074684,0.9424445102461723,-1.0759278840248854,1
-0.8031272667602422,1.4231558323867093,0.8245438376254497,-1.6145327302032033,-0.8397218421807761,0.18334200573835174,0.33040006309190584,0.8723206367206782,-0.5993926454440222,1.7844613297998437,1.0100226038307671,0.2731581333227041,2.08968957508604,-0.525755021680761,2.1898029332176723,-2.123895724309807,-0.8082982853551515,-1.6930284217644647,-0.6905930458318005,1.110730509484983,0
-0.394306553275499,0.5943986943771946,0.40627682664448084,-0.679587395912985,-2.025142586657607,-0.6516003476058171,0.2368952599627041,0.045571839903813784,0.18645431476942764,0.7802438367757514,0.5028422368034795,0.0893723242368216,0.9759867093402519,0.852433334796224,2.1439440893253257,-0.661786464768388,0.6339190223180112,-0.8168062806626004,-0.3578998137389642,0.5539233117467589,0
0.8398653041702484,0.42820652490040506,-0.8890008160451771,-0.3891981711278967,0.0773683076476183,0.8816397569494505,-1.7174795627641868,1.6871416350725648,-0.8612842013282637,-0.10499360547696024,-1.1840420954865858,0.5362407873941462,-1.2671742521301657,0.5389100436846587,-0.007972641316617372,1.5231240772696573,1.4799441388900259,1.5057524855440496,1.0683589666817022,-1.3194324482276352,1
-0.9725591425168931,-0.41236108745129985,1.0282927597426996,0.36016957762212154,0.632407739055521,1.8124485579969287,1.9290553106591088,-0.6269670577877674,0.9725544496267299,0.19831227500964413,1.3655449148220489,-0.5851540882782545,1.5073819416161658,-1.5702247198904564,0.7077519354554754,0.6218099622171964,-0.5624667758942676,-1.7551864425695025,-1.2220707316636308,1.5210157698263904,0
0.8722054633684507,0.46662496435930717,-0.9235389781109161,-0.42795824236314417,-0.26987493529337125,0.3336621052869483,-1.799312630712676,0.47897982574639186,-0.9787637157823074,-0.0888846049075254,-1.2310978433707411,0.5662942680329732,-1.305462797519225,0.3773004930448522,1.0375399442578992,-0.4442932600761116,-0.510016398854747,1.560704376657771,1.113458815684002,-1.3720457374353865,1
-1.2449819179052868,0.059725297294142464,1.3081287053289166,-0.17593681424465424,-0.4344962274323156,-0.5160447282173739,2.0487531723142136,0.9382838059759977,-0.30917212346863937,0.7938179121203918,1.7088575091941756,-0.49706622441179393,2.2111070698987,-0.4787486216634773,0.09612077694098337,0.22213377163371284,-0.4622752887050425,-2.3279946014731516,-1.4582456493952838,1.8986558969793976,0
0.602513854239433,-1.1397505191848256,-0.6175750107461613,1.2893837452548953,1.5505004928140769,-0.7677975651041284,-0.19626463841841257,-1.0041407667520679,-0.998354040738791,-1.4049614708408094,-0.7529210606578464,-0.2358403470394275,-1.6022386913400872,-0.21398884422550896,-0.03468488738678118,0.9843223984765838,0.23421473253652075,1.2800834663561242,0.5050686508779596,-0.8273418492758935,1
0.4091513551623366,-0.4596114091096404,-0.42376511552272084,0.5347939349823916,0.5228354880354996,-0.48388583405432156,-0.35832592154511517,-0.6514180036144483,-0.573700003938579,-0.6651945639356416,-0.5322552061285729,-0.02533516828265126,-0.9374386056815635,2.1422703586118637,-0.32034730819432017,-0.02435459226098284,0.4241659464019164,0.825848048134191,0.39976312202239905,-0.5877258196836177,1
-0.9378443802841007,2.250470628546597,0.9546410834866248,-2.5234340710091248,-0.5893647569442115,-0.6226995198205938,-0.03554341222998594,0.28099186773503265,0.8496020970210246,2.6246646108081415,1.140188594857564,0.5714021301258067,2.7221886957267416,-0.6929095952606542,-0.20812225035727522,0.35701548596504734,-0.4930009346588328,-2.058320715138949,-0.7001144007969852,1.2485523157750282,0
0.4302374766889982,1.2616835847678893,-0.4699510674351474,-1.3293323293433748,1.6286155455712918,0.7175422557959623,-1.625997765316487,-0.26940683444455776,-1.3801014582148914,0.9040402131322535,-0.6760660966792379,0.7217119318590675,-0.14979535087332152,-0.05554769889661878,1.502357052096028,-1.7033824393551547,0.07409478041977519,0.6273745047261476,0.7355659406907977,-0.7617800372740664,1
-0.6766139902792702,1.2605511458686092,0.6937977218608574,-1.4269583831777921,0.6901439917111125,1.5327389130025777,0.23427001312769055,0.5193465142411723,-0.40122047188583626,1.559949498553256,0.8468109917329859,0.25653748487300915,1.7900097603250384,0.01259240078179486,-0.1087601484568576,0.22409248181041677,0.40171172209894146,-1.4348386734329202,-0.5706836235299201,0.9306884212472335,0
0.3719111388436599,-1.2236168340266635,-0.3739513963514705,1.3597056610640414,0.6818914896263114,-0.5308687729203206,0.25117538559658015,2.5269324258736217,1.8467073257360336,-1.3451590580087278,-0.43006540988818237,-0.3686210527038616,-1.238161631688111,-0.35929209078705954,-0.48943944251822213,0.5839281853259639,1.044160877069072,0.861991467010861,0.21781673382640804,-0.46784089668241047,1
0.8265470316004201,0.5196318374356704,-0.8762737154056766,-0.4894993512830038,-0.5305011476105275,-0.22096959953322298,-1.7605554591243915,-0.11232804969082982,-0.57581824064468,-0.01307532193649429,-1.1718164265642927,0.5698580421466451,-1.2000284338071736,-2.301921164735585,0.6141667000434252,-0.275051697151644,0.7575077100473051,1.4683082741920452,1.0691582728937263,-1.306601140375616,1
-1.098449161362944,-0.14763605200396107,1.1569587638599,0.06194497800902021,-0.5172884501003722,0.889630795623437,1.951031956537497,0.26705026586925884,1.40934744018558,0.5162956611664511,1.5210881988560214,-0.5244764477598329,1.8548911973974718,-0.36283856043965906,0.08228398927542419,2.2988981236192503,1.0654803750653512,-2.0263207931909517,-1.3227984704447806,1.6916914359218038,0
0.6266988619005417,1.0508684934325554,-0.6735673009696558,-1.0832472667681619,0.32692737376416264,-0.35151348404130867,-1.8051241893625278,-1.8707919210258557,-0.21910052880886424,0.5937100586529885,-0.9322966577426989,0.7137820430980244,-0.5951923367827334,-2.211135309007885,0.0184183791895517,0.8294055811834892,1.6764373122752827,1.0225561868138953,0.9293032513286209,-1.044800792583418,1
1.2325378790366612,-1.6888138836374695,-1.2723154572505095,1.9408764295065972,-0.045586016355497805,-1.0700847663261526,-0.8616087362778112,1.8466369960476658,0.24333944932269183,-2.283450770740989,-1.58308600809171,-0.2068090377976385,-2.9697275498210476,0.3520553965142968,-1.5255251709247388,-0.24123605785632987,-0.6919080698812444,2.5298342401675162,1.149295659208205,-1.745412092754803,1
-0.5068642426315311,-1.1370625617065662,0.5487769492127162,1.187390447607258,-2.650969808393012,0.10643022769189683,1.6655127943665031,-0.7128457826771644,1.0915068519224618,-0.7440418761591463,0.7731773555263296,-0.7004371324549112,0.343825895280625,-2.0733902324081495,-0.2549772174208553,1.246085192497629,1.5039929885826886,-0.7873652323462994,-0.8034721579073372,0.8686750709856565,0
-0.5693899880659139,-1.0263053036450978,0.612970586498526,1.0617372718932707,-0.6115178029919482,-0.7257438131534656,1.6912636416551874,0.517659020469123,-1.4066610968482223,-0.6051527555209222,0.8518131252135662,-0.6791879239435706,0.5064952690790359,-1.3516846056163336,0.18676676447707832,-0.9232332461109043,-0.7553829323533225,-0.9191668645752945,-0.8572439245857038,0.9551518575271758,0
0.9168276589228922,0.40655768806338327,-0.9696162424136509,-0.35885568772728804,0.9261775475316414,-0.1903386780836082,-1.8312745431505606,-1.0372461543264564,1.9094166404701305,-0.1705668683130675,-1.2884827216025094,0.559267527148307,-1.412462979123623,0.5629692366905709,-0.8756182533847572,-1.3985675738191412,-1.382799730964336,1.6521449400544352,1.1552612980959396,-1.4353242395625903,1
0.6559252503381129,0.9815055461820599,-0.7033278647388798,-1.0054425365494795,0.41343490322370086,-0.9221653241776254,-1.8045672628408016,0.7569886166453519,1.876795812558066,0.5126236005605175,-0.9678800807744579,0.6963051485170356,-0.6796563615009068,-1.244654703311417,0.8696059201056602,-0.773789199103573,1.355637858804951,1.0865941274926592,0.9512601328526309,-1.0837732667945639,1
0.12569635217229258,-0.11859433951557354,-0.13050125962889464,0.13979095666427788,0.6078965097165392,1.5774532797634744,-0.1262639759153514,0.24938368371075526,0.1866091231563581,-0.18358452295491037,-0.16502293368118412,0.0019106589785738098,-0.2771640110605188,0.19408999289830758,-0.0952955323869521,-0.44643361455052827,0.27902152577033923,0.25058843541292297,0.12689518336645703,-0.18241892319067263,1
-0.46494170386120587,1.0137914469373768,0.47469040682021274,-1.1405482443804993,-0.44004448669698376,-1.2477831819648495,0.055322191292006176,-0.2525681513931603,0.13074057728609134,1.2075606257927474,0.5720506403417523,0.23957837618675312,1.3007278415747245,-1.4358621511794394,1.6324113039316352,1.4412732890661155,-1.4301413779606327,-1.0063498510781044,-0.36549076248008555,0.6273716019586768,0
0.6669693171507034,-0.9408723646912992,-0.6881176934012471,1.0795418652772015,1.7976865268495226,-0.6819842479977986,-0.4469204692182982,-0.24717738252059693,0.6408428612670098,-1.2604625919346693,-0.8548626678034372,-0.12348916843284542,-1.6199562009751853,0.5725827813561586,-1.0016200098949155,-0.5711789897827968,-0.2811002928859549,1.372710696223565,0.6170476576917502,-0.9422793249507818,1
0.6892429117486288,0.9381641002805317,-0.7377530161208146,-0.9554816196347338,1.9647251329163893,-1.035242322419374,-1.8295118636123178,-0.10703035995455783,0.03526355197172861,0.453020792464993,-1.0108277476068468,0.6917054710133912,-0.7588265982884882,0.213979910734222,-0.553649305347182,-0.6997255079925856,-1.1978778925888485,1.1546608833545393,0.9827449005274166,-1.1311451465613542,1
